epoch,train/box_loss,val/box_loss,train/obj_loss,val/obj_loss,train/cls_loss,val/cls_loss,metrics/precision,metrics/recall,metrics/mAP_0.5,metrics/mAP_0.5:0.95,x/lr0,x/lr1,x/lr2
0,0.08184,0.057636,0.026666,0.01704,0.022794,0.008905,0.91038,0.16307,0.16633,0.039136,0.003325,0.003325,0.070075
1,0.065647,0.057084,0.018795,0.011286,0.0086736,0.0061367,0.6796,0.17944,0.204,0.065138,0.0066363,0.0066363,0.040053
2,0.063524,0.049841,0.015188,0.010012,0.0069392,0.0051052,0.4617,0.57492,0.44807,0.13002,0.0099257,0.0099257,0.010009
3,0.054468,0.037957,0.013794,0.0093669,0.0050646,0.0033588,0.56728,0.65996,0.56589,0.21725,0.009901,0.009901,0.009901
4,0.046177,0.031768,0.012644,0.0083203,0.0037803,0.0027294,0.7063,0.72563,0.71768,0.33711,0.009901,0.009901,0.009901
5,0.041069,0.029503,0.012144,0.0080977,0.0033168,0.0025352,0.83409,0.75555,0.81332,0.39301,0.009868,0.009868,0.009868
6,0.037981,0.028763,0.011671,0.0075045,0.0030978,0.0023724,0.83699,0.82647,0.85895,0.43108,0.009835,0.009835,0.009835
7,0.035783,0.026373,0.011132,0.0071121,0.0026345,0.0021562,0.85726,0.81799,0.85715,0.448,0.009802,0.009802,0.009802
8,0.035536,0.026748,0.01107,0.0073524,0.0024329,0.0020946,0.86295,0.82033,0.87964,0.46095,0.009769,0.009769,0.009769
9,0.032996,0.023834,0.010806,0.0067993,0.002337,0.0018611,0.87746,0.81557,0.87783,0.46917,0.009736,0.009736,0.009736
10,0.03146,0.023026,0.010725,0.0067083,0.0021376,0.001733,0.9092,0.84325,0.90929,0.50377,0.009703,0.009703,0.009703
11,0.031141,0.020741,0.010261,0.0063867,0.0020812,0.0017519,0.90741,0.86846,0.92213,0.52933,0.00967,0.00967,0.00967
12,0.029542,0.021225,0.010087,0.0061246,0.0019944,0.0016176,0.87626,0.90305,0.92574,0.5402,0.009637,0.009637,0.009637
13,0.028694,0.022175,0.0098612,0.0062259,0.0018561,0.0016426,0.87831,0.87053,0.91007,0.48794,0.009604,0.009604,0.009604
14,0.028229,0.020971,0.0096661,0.0061849,0.0019221,0.0016369,0.90371,0.86741,0.918,0.53751,0.009571,0.009571,0.009571
15,0.029256,0.021612,0.010264,0.0063273,0.0020392,0.0015053,0.89644,0.86057,0.91675,0.53734,0.009538,0.009538,0.009538
16,0.027846,0.021282,0.0098237,0.0062474,0.0017157,0.0013993,0.9019,0.87455,0.91605,0.552,0.009505,0.009505,0.009505
17,0.027888,0.021062,0.0097169,0.0061347,0.0017419,0.00135,0.92545,0.85469,0.91898,0.54455,0.009472,0.009472,0.009472
18,0.026801,0.018698,0.0093796,0.0056225,0.0016473,0.0014189,0.86293,0.87341,0.91661,0.55204,0.009439,0.009439,0.009439
19,0.026161,0.018956,0.0092744,0.0058136,0.0016909,0.0012652,0.91208,0.87716,0.93082,0.57111,0.009406,0.009406,0.009406
20,0.025522,0.019189,0.0091545,0.0056502,0.0014775,0.0013587,0.90801,0.89843,0.93953,0.56561,0.009373,0.009373,0.009373
21,0.02521,0.018034,0.0090515,0.0055883,0.0014441,0.0013703,0.90072,0.913,0.94254,0.57526,0.00934,0.00934,0.00934
22,0.025311,0.018288,0.0086608,0.0055408,0.0014074,0.0012037,0.9206,0.91226,0.94208,0.57906,0.009307,0.009307,0.009307
23,0.025355,0.018703,0.0086075,0.0055529,0.0013667,0.001222,0.91609,0.89059,0.93093,0.58394,0.009274,0.009274,0.009274
24,0.024784,0.016353,0.0087277,0.0053539,0.0012898,0.0013015,0.92587,0.90361,0.94033,0.60294,0.009241,0.009241,0.009241
25,0.02425,0.017366,0.0083135,0.0053497,0.0013131,0.0012099,0.91923,0.92878,0.95444,0.60841,0.009208,0.009208,0.009208
26,0.023698,0.016781,0.0083355,0.0051936,0.001289,0.0012988,0.93191,0.91564,0.94881,0.60723,0.009175,0.009175,0.009175
27,0.023032,0.015672,0.0082905,0.0051945,0.0012235,0.0011186,0.93238,0.93424,0.95504,0.63288,0.009142,0.009142,0.009142
28,0.023,0.016527,0.0081462,0.0052124,0.0011777,0.0010681,0.94187,0.90567,0.95074,0.59951,0.009109,0.009109,0.009109
29,0.022493,0.015736,0.00797,0.0050483,0.0011178,0.0010891,0.93256,0.93048,0.94801,0.60918,0.009076,0.009076,0.009076
30,0.022277,0.01629,0.0079038,0.005085,0.0011714,0.001071,0.92707,0.91653,0.94868,0.61234,0.009043,0.009043,0.009043
31,0.022172,0.016643,0.0080017,0.0050725,0.0011537,0.0010049,0.9443,0.90355,0.94734,0.62705,0.00901,0.00901,0.00901
32,0.021805,0.015932,0.0076424,0.0050269,0.0010938,0.00099304,0.91,0.93256,0.94948,0.60772,0.008977,0.008977,0.008977
33,0.02192,0.015655,0.0078526,0.0049543,0.0010734,0.0010486,0.93961,0.90346,0.9496,0.61045,0.008944,0.008944,0.008944
34,0.021844,0.01552,0.0077094,0.005108,0.0010975,0.00099276,0.94462,0.91511,0.95447,0.62737,0.008911,0.008911,0.008911
35,0.021494,0.015219,0.0077451,0.0050538,0.0010036,0.00098099,0.92447,0.93914,0.95208,0.62608,0.008878,0.008878,0.008878
36,0.02165,0.01607,0.0078403,0.0050665,0.0010164,0.0011177,0.93496,0.92662,0.9497,0.63018,0.008845,0.008845,0.008845
37,0.020618,0.015084,0.0075804,0.0049023,0.0010758,0.0009666,0.93271,0.93105,0.95108,0.65022,0.008812,0.008812,0.008812
38,0.020978,0.014723,0.0075414,0.0049201,0.0010062,0.0010334,0.94231,0.9209,0.95165,0.64992,0.008779,0.008779,0.008779
39,0.020821,0.015548,0.0074407,0.0049315,0.001006,0.0010486,0.90854,0.94413,0.95541,0.64999,0.008746,0.008746,0.008746
40,0.02051,0.014897,0.0075312,0.0049741,0.0010126,0.0012661,0.90121,0.95179,0.95755,0.64703,0.008713,0.008713,0.008713
41,0.020382,0.016227,0.0073865,0.0049098,0.0010136,0.0011487,0.92197,0.9299,0.95556,0.6581,0.00868,0.00868,0.00868
42,0.020357,0.015274,0.007385,0.0048884,0.0010077,0.00099755,0.93309,0.93652,0.95666,0.624,0.008647,0.008647,0.008647
43,0.020087,0.014436,0.0072534,0.0048272,0.00093136,0.00094677,0.9396,0.93737,0.95464,0.65806,0.008614,0.008614,0.008614
44,0.019356,0.014635,0.0070269,0.0048058,0.00091514,0.00095219,0.9359,0.94131,0.96118,0.66041,0.008581,0.008581,0.008581
45,0.019944,0.014405,0.0071416,0.0048991,0.0010428,0.0010087,0.9273,0.93489,0.95919,0.64974,0.008548,0.008548,0.008548
46,0.019471,0.014384,0.0071531,0.0046527,0.00091025,0.00094036,0.92967,0.94297,0.95524,0.6501,0.008515,0.008515,0.008515
47,0.019281,0.014651,0.0069603,0.0047194,0.00090799,0.0010702,0.91981,0.92944,0.94935,0.65089,0.008482,0.008482,0.008482
48,0.019266,0.013863,0.0069763,0.0046194,0.00088442,0.0010044,0.92449,0.9502,0.9605,0.66526,0.008449,0.008449,0.008449
49,0.019114,0.014704,0.0070213,0.0046034,0.00089088,0.00092747,0.94712,0.93884,0.9576,0.65466,0.008416,0.008416,0.008416
50,0.019513,0.013972,0.0071122,0.0046963,0.00089524,0.00096305,0.94103,0.93948,0.95855,0.66327,0.008383,0.008383,0.008383
51,0.01896,0.013237,0.0068555,0.0046233,0.00088307,0.00094482,0.9444,0.93908,0.96297,0.67498,0.00835,0.00835,0.00835
52,0.018228,0.012979,0.0067277,0.0045567,0.00085318,0.00089157,0.93727,0.9516,0.96034,0.69083,0.008317,0.008317,0.008317
53,0.018445,0.013928,0.006804,0.0046968,0.0008672,0.00090227,0.93785,0.94189,0.96621,0.67407,0.008284,0.008284,0.008284
54,0.01889,0.013148,0.0069761,0.0046461,0.00084839,0.00095802,0.93641,0.9352,0.95786,0.67865,0.008251,0.008251,0.008251
55,0.018498,0.01319,0.0067294,0.0046471,0.00083054,0.00093724,0.94456,0.94264,0.96024,0.67508,0.008218,0.008218,0.008218
56,0.018936,0.013575,0.0068981,0.004581,0.0008307,0.00089633,0.94098,0.94272,0.96273,0.6774,0.008185,0.008185,0.008185
57,0.018255,0.013524,0.006751,0.0045523,0.00077556,0.00085425,0.92455,0.95246,0.959,0.67313,0.008152,0.008152,0.008152
58,0.017971,0.013459,0.0067923,0.0047061,0.00077838,0.00095859,0.9363,0.94964,0.95939,0.67158,0.008119,0.008119,0.008119
59,0.017595,0.013683,0.0067211,0.0045517,0.00078553,0.00084118,0.94427,0.94066,0.96236,0.67153,0.008086,0.008086,0.008086
60,0.017979,0.013914,0.0067279,0.0045607,0.00076513,0.00081521,0.94495,0.95375,0.96946,0.6797,0.008053,0.008053,0.008053
61,0.017773,0.013271,0.0065011,0.0044835,0.0007889,0.0008104,0.94068,0.95173,0.96077,0.67492,0.00802,0.00802,0.00802
62,0.018067,0.013181,0.0066278,0.0045045,0.00078464,0.00085919,0.93495,0.95701,0.96465,0.68933,0.007987,0.007987,0.007987
63,0.017225,0.013133,0.0065206,0.004631,0.00082877,0.00077868,0.94649,0.94333,0.96132,0.68371,0.007954,0.007954,0.007954
64,0.017284,0.013151,0.0064626,0.0044508,0.00076192,0.00076736,0.94372,0.94439,0.96126,0.69141,0.007921,0.007921,0.007921
65,0.017546,0.013159,0.0065952,0.0044796,0.00077666,0.00086401,0.94278,0.94226,0.96396,0.69001,0.007888,0.007888,0.007888
66,0.017685,0.012548,0.0064178,0.0044842,0.00075618,0.00083812,0.95552,0.94139,0.96345,0.68585,0.007855,0.007855,0.007855
67,0.017457,0.014037,0.0063468,0.0045995,0.00075764,0.00095549,0.93178,0.9422,0.96065,0.68682,0.007822,0.007822,0.007822
68,0.016609,0.012925,0.0062192,0.0045773,0.00068506,0.00073564,0.93431,0.94899,0.96243,0.67251,0.007789,0.007789,0.007789
69,0.017039,0.01221,0.0064314,0.0044061,0.0006826,0.00085021,0.93826,0.9559,0.96086,0.69955,0.007756,0.007756,0.007756
70,0.016976,0.01268,0.0063755,0.0043798,0.00070141,0.00086021,0.91845,0.91911,0.93681,0.67372,0.007723,0.007723,0.007723
71,0.017327,0.012785,0.0063227,0.0043974,0.00069005,0.0007757,0.93087,0.93108,0.95443,0.69274,0.00769,0.00769,0.00769
72,0.017357,0.012784,0.0063752,0.0044966,0.00078836,0.00085031,0.94113,0.95075,0.96226,0.67989,0.007657,0.007657,0.007657
73,0.016957,0.012759,0.0064566,0.0044587,0.00076489,0.00078843,0.93702,0.94421,0.96314,0.6891,0.007624,0.007624,0.007624
74,0.016795,0.012488,0.0063485,0.0043963,0.00076305,0.00075669,0.93239,0.94933,0.96382,0.68577,0.007591,0.007591,0.007591
75,0.01676,0.012091,0.0062701,0.0045056,0.00073769,0.00083191,0.93989,0.95722,0.96456,0.70308,0.007558,0.007558,0.007558
76,0.016616,0.012801,0.006562,0.0045215,0.00071056,0.00083687,0.92998,0.95834,0.96408,0.69158,0.007525,0.007525,0.007525
77,0.016128,0.012313,0.0062504,0.0042664,0.00064784,0.00078851,0.94949,0.94016,0.9631,0.69591,0.007492,0.007492,0.007492
78,0.016555,0.012701,0.0063181,0.0044145,0.00064148,0.0010054,0.92235,0.95547,0.96234,0.69169,0.007459,0.007459,0.007459
79,0.016081,0.012858,0.0061003,0.004454,0.00069301,0.00074186,0.93942,0.94572,0.95971,0.68488,0.007426,0.007426,0.007426
80,0.016664,0.012429,0.0063334,0.0044598,0.00066661,0.00085499,0.93793,0.95517,0.96524,0.68107,0.007393,0.007393,0.007393
81,0.015992,0.012727,0.0063384,0.0044287,0.00064753,0.00083631,0.9498,0.93327,0.9597,0.69141,0.00736,0.00736,0.00736
82,0.015977,0.01217,0.0060681,0.0043832,0.0006063,0.00076758,0.94381,0.9523,0.96386,0.69405,0.007327,0.007327,0.007327
83,0.016111,0.012409,0.0060456,0.004444,0.00068798,0.00079521,0.93821,0.95906,0.96557,0.69546,0.007294,0.007294,0.007294
84,0.016239,0.012269,0.0059428,0.0043378,0.0006682,0.00099952,0.94225,0.95558,0.96678,0.71244,0.007261,0.007261,0.007261
85,0.015781,0.012303,0.0060558,0.0044593,0.00062742,0.0007957,0.94222,0.96568,0.97118,0.70737,0.007228,0.007228,0.007228
86,0.015561,0.011884,0.0059477,0.0043263,0.00061533,0.00073206,0.95081,0.94762,0.96275,0.70738,0.007195,0.007195,0.007195
87,0.015438,0.011755,0.0060273,0.0042655,0.00062948,0.00071379,0.95469,0.94322,0.96329,0.71471,0.007162,0.007162,0.007162
88,0.015729,0.011998,0.0059217,0.0043697,0.00065304,0.00072713,0.93936,0.96179,0.96634,0.705,0.007129,0.007129,0.007129
89,0.015603,0.011954,0.005946,0.0043931,0.00065408,0.00065632,0.93479,0.95734,0.96396,0.7033,0.007096,0.007096,0.007096
90,0.015351,0.011988,0.0059591,0.0044074,0.00060377,0.00074371,0.94758,0.948,0.96503,0.70753,0.007063,0.007063,0.007063
91,0.015572,0.012066,0.0059673,0.0045007,0.00058978,0.00073121,0.94642,0.94569,0.96162,0.71189,0.00703,0.00703,0.00703
92,0.015069,0.012237,0.0058541,0.0043849,0.00057281,0.00084957,0.95309,0.96228,0.96951,0.70721,0.006997,0.006997,0.006997
93,0.015495,0.011674,0.0058649,0.0043518,0.00060469,0.00065989,0.94824,0.95426,0.96541,0.71849,0.006964,0.006964,0.006964
94,0.015394,0.011964,0.0060361,0.0043403,0.00063235,0.00083533,0.94415,0.95606,0.96612,0.71992,0.006931,0.006931,0.006931
95,0.01525,0.011626,0.0057063,0.0043547,0.00060552,0.00079407,0.94604,0.95663,0.96425,0.71384,0.006898,0.006898,0.006898
96,0.015398,0.011636,0.0058136,0.0043772,0.00061209,0.00080114,0.95601,0.95245,0.96674,0.71497,0.006865,0.006865,0.006865
97,0.015189,0.01246,0.0056747,0.0043598,0.00060838,0.00070217,0.95257,0.95255,0.96947,0.70941,0.006832,0.006832,0.006832
98,0.015166,0.011902,0.0057921,0.0044136,0.00054762,0.00070264,0.95005,0.95428,0.96546,0.70703,0.006799,0.006799,0.006799
99,0.014756,0.011675,0.0058643,0.0044193,0.00052574,0.00080808,0.95335,0.9499,0.96145,0.71595,0.006766,0.006766,0.006766
100,0.014777,0.011678,0.0056572,0.0043534,0.00056887,0.00082047,0.94271,0.96032,0.96404,0.71771,0.006733,0.006733,0.006733
101,0.014845,0.011775,0.0056682,0.0042877,0.00060268,0.00089524,0.94372,0.95706,0.9631,0.71484,0.0067,0.0067,0.0067
102,0.014725,0.011423,0.0058514,0.0042056,0.00056551,0.00070562,0.94754,0.96513,0.96979,0.71513,0.006667,0.006667,0.006667
103,0.014537,0.01138,0.0057474,0.0043226,0.00054109,0.0006474,0.95482,0.95145,0.96578,0.719,0.006634,0.006634,0.006634
104,0.014518,0.011219,0.0057319,0.0043548,0.00056462,0.00073844,0.95274,0.95594,0.96446,0.71925,0.006601,0.006601,0.006601
105,0.014582,0.011242,0.0055992,0.0042917,0.0005696,0.00077284,0.95743,0.94559,0.95933,0.72644,0.006568,0.006568,0.006568
106,0.01456,0.011062,0.0055332,0.0042011,0.00054284,0.00064718,0.95668,0.95291,0.96473,0.71786,0.006535,0.006535,0.006535
107,0.014421,0.011335,0.0056269,0.0041903,0.00051649,0.00061765,0.95216,0.95245,0.96702,0.72122,0.006502,0.006502,0.006502
108,0.014154,0.011354,0.0057584,0.0043012,0.0005274,0.00065386,0.95037,0.94971,0.96979,0.72805,0.006469,0.006469,0.006469
109,0.014092,0.011371,0.0056062,0.004224,0.00050478,0.00070797,0.93717,0.95129,0.9602,0.71808,0.006436,0.006436,0.006436
110,0.014211,0.011299,0.0056072,0.0042167,0.00054279,0.00069126,0.95927,0.94947,0.96523,0.72655,0.006403,0.006403,0.006403
111,0.014139,0.011216,0.0055646,0.0042485,0.00053483,0.00072967,0.95924,0.95364,0.96686,0.72271,0.00637,0.00637,0.00637
112,0.014403,0.011247,0.0055124,0.0042148,0.00053957,0.00067633,0.95351,0.95718,0.96182,0.72559,0.006337,0.006337,0.006337
113,0.014242,0.011109,0.0055293,0.0042723,0.00054658,0.00072967,0.9564,0.94632,0.96479,0.72329,0.006304,0.006304,0.006304
114,0.014114,0.011211,0.0056183,0.0041508,0.00051837,0.00063508,0.94439,0.96458,0.96762,0.72501,0.006271,0.006271,0.006271
115,0.014179,0.010959,0.0056741,0.0041858,0.00056209,0.00064524,0.95353,0.96276,0.97029,0.72838,0.006238,0.006238,0.006238
116,0.014068,0.011215,0.0054337,0.0042458,0.00053115,0.00078102,0.94576,0.95298,0.96517,0.73033,0.006205,0.006205,0.006205
117,0.01386,0.011241,0.0053395,0.0042515,0.00052846,0.00082973,0.95442,0.95704,0.96445,0.73018,0.006172,0.006172,0.006172
118,0.013861,0.011348,0.0054548,0.004247,0.00052401,0.0006964,0.95707,0.95613,0.96443,0.72167,0.006139,0.006139,0.006139
119,0.014008,0.011122,0.0053266,0.0041713,0.00048032,0.00069206,0.94621,0.96162,0.96672,0.73185,0.006106,0.006106,0.006106
120,0.014243,0.011186,0.0055399,0.0042326,0.00053465,0.0007121,0.95312,0.95799,0.96558,0.7245,0.006073,0.006073,0.006073
121,0.014213,0.011159,0.0054211,0.0042398,0.00053788,0.00072485,0.94373,0.95805,0.96456,0.72747,0.00604,0.00604,0.00604
122,0.013634,0.010818,0.0053123,0.0041205,0.00052707,0.00060887,0.95167,0.94922,0.96256,0.73257,0.006007,0.006007,0.006007
123,0.013284,0.011124,0.0054236,0.004199,0.00048582,0.00064458,0.94234,0.9595,0.96682,0.72339,0.005974,0.005974,0.005974
124,0.013588,0.011112,0.0054074,0.0040921,0.00048994,0.0006216,0.95548,0.9464,0.96474,0.72758,0.005941,0.005941,0.005941
125,0.013365,0.010817,0.0053281,0.0041161,0.00046502,0.00064995,0.95088,0.95582,0.96707,0.73891,0.005908,0.005908,0.005908
126,0.013435,0.011002,0.0053202,0.0041517,0.00051858,0.00065489,0.94757,0.95307,0.9632,0.74158,0.005875,0.005875,0.005875
127,0.013592,0.011414,0.0052815,0.0041161,0.00050957,0.00068289,0.95473,0.95626,0.96502,0.7291,0.005842,0.005842,0.005842
128,0.013342,0.010756,0.0053677,0.0041018,0.00046588,0.00059059,0.95197,0.96415,0.968,0.7352,0.005809,0.005809,0.005809
129,0.013382,0.010907,0.0051793,0.0042405,0.00048687,0.00062737,0.94838,0.95601,0.96588,0.73541,0.005776,0.005776,0.005776
130,0.013007,0.010624,0.0051026,0.0040836,0.00048162,0.00059737,0.93906,0.9622,0.96761,0.73741,0.005743,0.005743,0.005743
131,0.013211,0.010683,0.0051236,0.0040607,0.00043469,0.00066022,0.94395,0.95279,0.96417,0.7467,0.00571,0.00571,0.00571
132,0.013094,0.010665,0.0051656,0.0041214,0.00049105,0.00058705,0.94942,0.95721,0.96513,0.73932,0.005677,0.005677,0.005677
133,0.013366,0.010631,0.0053011,0.0042555,0.00045252,0.00068514,0.95441,0.95736,0.96865,0.74299,0.005644,0.005644,0.005644
134,0.012905,0.010791,0.0053289,0.0041858,0.00052079,0.00064889,0.95101,0.95486,0.96589,0.74508,0.005611,0.005611,0.005611
135,0.0131,0.010869,0.005205,0.0041898,0.00045711,0.00075437,0.95899,0.95223,0.9642,0.73545,0.005578,0.005578,0.005578
136,0.013073,0.010754,0.0051067,0.0042942,0.00048304,0.00070687,0.952,0.94925,0.96236,0.73646,0.005545,0.005545,0.005545
137,0.012882,0.010636,0.0051909,0.0041493,0.0005083,0.00067404,0.95063,0.96186,0.96841,0.73083,0.005512,0.005512,0.005512
138,0.012961,0.010704,0.0051036,0.0040851,0.00045698,0.00063765,0.95374,0.96318,0.96629,0.73515,0.005479,0.005479,0.005479
139,0.012509,0.010607,0.0051164,0.0042095,0.00041858,0.0006117,0.95258,0.95948,0.96585,0.73514,0.005446,0.005446,0.005446
140,0.012861,0.010542,0.0050303,0.0041131,0.00041983,0.00066195,0.95557,0.96192,0.9669,0.74501,0.005413,0.005413,0.005413
141,0.012752,0.010611,0.0050694,0.0041539,0.00047003,0.00064574,0.95969,0.96103,0.96552,0.73911,0.00538,0.00538,0.00538
142,0.012642,0.010733,0.0051573,0.0040852,0.00045437,0.00065527,0.95803,0.95838,0.96416,0.73543,0.005347,0.005347,0.005347
143,0.012903,0.010845,0.0051056,0.0041636,0.00047849,0.00070145,0.95581,0.95867,0.96098,0.73777,0.005314,0.005314,0.005314
144,0.012825,0.010902,0.005028,0.0041473,0.00042947,0.00071195,0.95013,0.96325,0.96849,0.73356,0.005281,0.005281,0.005281
145,0.01286,0.010559,0.0049327,0.0042088,0.00047609,0.00076818,0.95958,0.95901,0.96493,0.74073,0.005248,0.005248,0.005248
146,0.012692,0.010392,0.0051221,0.0040763,0.00046431,0.00066084,0.94713,0.96603,0.96604,0.74092,0.005215,0.005215,0.005215
147,0.012758,0.010599,0.0050886,0.0042495,0.00043994,0.00074274,0.95691,0.95879,0.96547,0.74172,0.005182,0.005182,0.005182
148,0.012269,0.010445,0.0050091,0.0041186,0.00044505,0.00067747,0.95023,0.96417,0.96478,0.74362,0.005149,0.005149,0.005149
149,0.012463,0.010608,0.0050061,0.0040945,0.00042554,0.00060774,0.95624,0.95893,0.96496,0.74662,0.005116,0.005116,0.005116
150,0.012268,0.01068,0.0048061,0.0040893,0.00043125,0.00065133,0.95761,0.95589,0.96762,0.7466,0.005083,0.005083,0.005083
151,0.012231,0.01058,0.0048841,0.0040759,0.00039609,0.00061713,0.94911,0.96403,0.97059,0.74667,0.00505,0.00505,0.00505
152,0.012041,0.010621,0.0049259,0.0042068,0.00043025,0.00067837,0.94954,0.96008,0.96361,0.73861,0.005017,0.005017,0.005017
153,0.012362,0.010633,0.0049671,0.0041826,0.00043454,0.0006159,0.95081,0.96136,0.96528,0.74522,0.004984,0.004984,0.004984
154,0.012226,0.010621,0.0048556,0.0041856,0.00041878,0.00063206,0.95374,0.95863,0.9645,0.74492,0.004951,0.004951,0.004951
155,0.012318,0.010573,0.0048211,0.0041489,0.0004216,0.00064109,0.95754,0.95494,0.96618,0.74394,0.004918,0.004918,0.004918
156,0.012011,0.010336,0.0048755,0.0041632,0.00038532,0.00072051,0.95552,0.96148,0.96804,0.74935,0.004885,0.004885,0.004885
157,0.012032,0.010395,0.0047966,0.0041217,0.00040215,0.00065326,0.95495,0.96451,0.96778,0.74785,0.004852,0.004852,0.004852
158,0.011953,0.010458,0.0050023,0.0042632,0.00042631,0.00077797,0.9546,0.96075,0.96768,0.75326,0.004819,0.004819,0.004819
159,0.012202,0.010469,0.0048376,0.0042034,0.00041194,0.00075164,0.954,0.96148,0.96716,0.75318,0.004786,0.004786,0.004786
160,0.01202,0.01037,0.0048738,0.0040644,0.00041629,0.00071021,0.96107,0.95996,0.96888,0.74731,0.004753,0.004753,0.004753
161,0.011792,0.010445,0.0050017,0.0041496,0.00037701,0.00073434,0.96184,0.95719,0.96969,0.75007,0.00472,0.00472,0.00472
162,0.011909,0.010388,0.0047625,0.00423,0.00041963,0.00075399,0.9627,0.95969,0.96966,0.74826,0.004687,0.004687,0.004687
163,0.011681,0.01031,0.0048692,0.0042834,0.00041458,0.00070817,0.95806,0.9616,0.96832,0.74739,0.004654,0.004654,0.004654
164,0.011774,0.0103,0.0048014,0.0042304,0.00038733,0.00070616,0.96283,0.96152,0.96924,0.74361,0.004621,0.004621,0.004621
165,0.011516,0.010312,0.0046583,0.0041941,0.00036618,0.00068717,0.96045,0.96384,0.96772,0.74614,0.004588,0.004588,0.004588
166,0.011573,0.010367,0.0047714,0.0042155,0.00041038,0.00072368,0.96009,0.96577,0.96955,0.75466,0.004555,0.004555,0.004555
167,0.011545,0.010634,0.0047053,0.0042201,0.0003735,0.00073936,0.95887,0.96338,0.96636,0.7468,0.004522,0.004522,0.004522
168,0.011521,0.010282,0.0047924,0.0041767,0.00038782,0.00064513,0.96013,0.96345,0.96696,0.74465,0.004489,0.004489,0.004489
169,0.011202,0.010143,0.0046688,0.0041577,0.00035786,0.00065417,0.96275,0.96288,0.96503,0.75237,0.004456,0.004456,0.004456
170,0.011051,0.01012,0.0046676,0.0042293,0.00035487,0.00064739,0.96124,0.96243,0.96812,0.75491,0.004423,0.004423,0.004423
171,0.011415,0.01005,0.0047198,0.004179,0.00038699,0.0006342,0.96032,0.95843,0.96695,0.75334,0.00439,0.00439,0.00439
172,0.011226,0.010142,0.0048352,0.0041314,0.00037106,0.00070018,0.95986,0.96246,0.969,0.75407,0.004357,0.004357,0.004357
173,0.011218,0.010146,0.0045616,0.0042296,0.00035055,0.00060827,0.96163,0.9646,0.96816,0.75358,0.004324,0.004324,0.004324
174,0.011315,0.010129,0.0047707,0.0041759,0.00034955,0.00060998,0.96101,0.96229,0.96937,0.75194,0.004291,0.004291,0.004291
175,0.011006,0.0098959,0.0046073,0.0041811,0.00037545,0.0006013,0.95928,0.96327,0.96942,0.75383,0.004258,0.004258,0.004258
176,0.011172,0.010076,0.0046862,0.0041951,0.00035258,0.00065464,0.96205,0.96167,0.96716,0.74764,0.004225,0.004225,0.004225
177,0.011207,0.010247,0.0046364,0.0041878,0.00037469,0.00069357,0.96307,0.95784,0.96588,0.74478,0.004192,0.004192,0.004192
178,0.011123,0.010089,0.0045611,0.0041073,0.00035991,0.00066825,0.96311,0.96008,0.96573,0.75283,0.004159,0.004159,0.004159
179,0.010821,0.010099,0.0045275,0.0041753,0.00034204,0.0006649,0.96333,0.95895,0.96589,0.75151,0.004126,0.004126,0.004126
180,0.01089,0.010188,0.0046045,0.0041997,0.00033198,0.00067993,0.95838,0.95993,0.96543,0.74722,0.004093,0.004093,0.004093
181,0.010775,0.010232,0.0044698,0.0042013,0.00033014,0.00072431,0.96272,0.95805,0.96596,0.75175,0.00406,0.00406,0.00406
182,0.010868,0.010044,0.0045829,0.0040571,0.00033676,0.00059856,0.95724,0.96228,0.96551,0.75255,0.004027,0.004027,0.004027
183,0.010398,0.010066,0.0045582,0.0040629,0.00033147,0.00057231,0.95697,0.96176,0.96673,0.75337,0.003994,0.003994,0.003994
184,0.010479,0.010039,0.0043954,0.0040575,0.00032603,0.00058027,0.96744,0.9567,0.96673,0.7551,0.003961,0.003961,0.003961
185,0.010669,0.0099587,0.0043798,0.0040167,0.00033849,0.00059661,0.96378,0.95791,0.96608,0.75383,0.003928,0.003928,0.003928
186,0.01088,0.010028,0.0046017,0.0040201,0.00033713,0.00061781,0.96216,0.96021,0.96839,0.75674,0.003895,0.003895,0.003895
187,0.010676,0.010063,0.0044268,0.0040807,0.00031932,0.00061451,0.96246,0.95841,0.96595,0.75013,0.003862,0.003862,0.003862
188,0.010652,0.0098602,0.0044072,0.0040604,0.00032811,0.00062663,0.95901,0.95718,0.96483,0.75147,0.003829,0.003829,0.003829
189,0.01063,0.010014,0.0044078,0.0040626,0.0003143,0.00066676,0.96373,0.95974,0.96674,0.75203,0.003796,0.003796,0.003796
190,0.010488,0.0099091,0.0043921,0.004045,0.00031366,0.00070815,0.96738,0.9571,0.96761,0.75453,0.003763,0.003763,0.003763
191,0.010391,0.010028,0.0044027,0.0040411,0.00030911,0.00074896,0.95752,0.9623,0.96535,0.75473,0.00373,0.00373,0.00373
192,0.010278,0.0099069,0.0045195,0.0040376,0.00031078,0.00072521,0.95442,0.96063,0.96419,0.75553,0.003697,0.003697,0.003697
193,0.010447,0.0099777,0.0044574,0.0041832,0.00030772,0.00075451,0.95919,0.9587,0.96583,0.75784,0.003664,0.003664,0.003664
194,0.010271,0.0099702,0.0043065,0.004142,0.00031588,0.00062272,0.95526,0.96483,0.96637,0.75499,0.003631,0.003631,0.003631
195,0.010301,0.0099337,0.0043465,0.004091,0.00031727,0.00061636,0.96604,0.94909,0.96567,0.76173,0.003598,0.003598,0.003598
196,0.010201,0.0098208,0.0042615,0.0040992,0.00031373,0.00062537,0.95791,0.95831,0.96519,0.75911,0.003565,0.003565,0.003565
197,0.010294,0.0099472,0.0043188,0.0041497,0.00031831,0.00067456,0.95955,0.96104,0.96532,0.75667,0.003532,0.003532,0.003532
198,0.010328,0.0099077,0.0043712,0.0041046,0.00032532,0.00066273,0.96226,0.95701,0.96515,0.75532,0.003499,0.003499,0.003499
199,0.010263,0.0098966,0.0043704,0.0040983,0.00034105,0.00071093,0.96548,0.95545,0.96656,0.75614,0.003466,0.003466,0.003466
200,0.0099252,0.0098691,0.0042683,0.0040667,0.0003184,0.00071459,0.96037,0.9598,0.96678,0.76272,0.003433,0.003433,0.003433
201,0.010327,0.0098869,0.0043235,0.0041954,0.00030373,0.00073894,0.96798,0.95157,0.967,0.75934,0.0034,0.0034,0.0034
202,0.010222,0.0097944,0.0043725,0.0041584,0.00031818,0.00070156,0.96264,0.9529,0.96564,0.75669,0.003367,0.003367,0.003367
203,0.0097304,0.0096932,0.0043072,0.0040699,0.00033836,0.00065552,0.95875,0.95899,0.96792,0.75826,0.003334,0.003334,0.003334
204,0.0097849,0.0098612,0.0042548,0.0039928,0.00028776,0.00066148,0.95732,0.95877,0.96726,0.75516,0.003301,0.003301,0.003301
205,0.010069,0.0097434,0.0040821,0.0040362,0.00029374,0.00067711,0.9546,0.9612,0.96731,0.75986,0.003268,0.003268,0.003268
206,0.0098133,0.0097429,0.0042427,0.0040483,0.00027208,0.00064895,0.95782,0.9581,0.96419,0.75724,0.003235,0.003235,0.003235
207,0.0098759,0.0098751,0.0043255,0.004099,0.0002846,0.0006401,0.95921,0.96032,0.96784,0.75468,0.003202,0.003202,0.003202
208,0.01002,0.0097632,0.0042962,0.0041117,0.00030014,0.00056192,0.96343,0.95608,0.96895,0.75843,0.003169,0.003169,0.003169
209,0.0098274,0.0096417,0.0042159,0.0041179,0.00029545,0.0005479,0.96769,0.95341,0.96729,0.75786,0.003136,0.003136,0.003136
210,0.0099676,0.0097262,0.0042105,0.0041721,0.00031806,0.0005933,0.96876,0.95685,0.96603,0.75963,0.003103,0.003103,0.003103
211,0.0095686,0.0097812,0.004036,0.0041771,0.00036133,0.00066366,0.97278,0.95491,0.96774,0.7608,0.00307,0.00307,0.00307
212,0.0095347,0.0097114,0.0040421,0.0041658,0.00028767,0.00063906,0.96581,0.95366,0.96997,0.7567,0.003037,0.003037,0.003037
213,0.0095753,0.0096758,0.0042284,0.0042107,0.00029339,0.00070708,0.96827,0.95337,0.96928,0.76233,0.003004,0.003004,0.003004
214,0.0097337,0.0096889,0.0040523,0.004156,0.00027815,0.00070985,0.96142,0.95869,0.96874,0.76341,0.002971,0.002971,0.002971
215,0.0096435,0.0096054,0.0040397,0.0041378,0.0002629,0.0007041,0.96056,0.96155,0.97003,0.76186,0.002938,0.002938,0.002938
216,0.0093792,0.0096544,0.0040857,0.0041386,0.00026975,0.00074733,0.96166,0.9564,0.96905,0.76201,0.002905,0.002905,0.002905
217,0.0095108,0.0098041,0.0040739,0.004182,0.00029461,0.00081956,0.96461,0.95597,0.96909,0.76503,0.002872,0.002872,0.002872
218,0.0094429,0.0097212,0.003966,0.0041755,0.00027782,0.00065516,0.95588,0.96314,0.96769,0.76417,0.002839,0.002839,0.002839
219,0.009427,0.0096851,0.0040354,0.0041999,0.00025677,0.00064881,0.95621,0.96223,0.96939,0.76479,0.002806,0.002806,0.002806
220,0.0094479,0.0097655,0.00406,0.0041584,0.000275,0.00074885,0.96451,0.95993,0.96894,0.76153,0.002773,0.002773,0.002773
221,0.0091937,0.0098416,0.0040656,0.0041249,0.00026918,0.00085872,0.96986,0.95559,0.96877,0.76307,0.00274,0.00274,0.00274
222,0.0088769,0.0098542,0.0038839,0.0041819,0.00028136,0.00088472,0.96472,0.95677,0.96808,0.75952,0.002707,0.002707,0.002707
223,0.0092844,0.0098206,0.0040692,0.004247,0.00027877,0.00084889,0.95974,0.96078,0.96899,0.75998,0.002674,0.002674,0.002674
224,0.0089604,0.00975,0.0039527,0.0041494,0.00026248,0.00073406,0.96287,0.96076,0.96898,0.76276,0.002641,0.002641,0.002641
225,0.0088581,0.00968,0.003861,0.0041687,0.00024116,0.00074325,0.96299,0.96061,0.96814,0.76469,0.002608,0.002608,0.002608
226,0.0091683,0.0096897,0.0039809,0.0041818,0.00025748,0.00083707,0.95908,0.95978,0.96895,0.76491,0.002575,0.002575,0.002575
227,0.0088283,0.0096729,0.0040341,0.0041973,0.00023823,0.00096436,0.95407,0.96378,0.96898,0.76534,0.002542,0.002542,0.002542
228,0.0087297,0.0095907,0.0039851,0.0041767,0.00024346,0.00092397,0.96154,0.95732,0.96864,0.76639,0.002509,0.002509,0.002509
229,0.0088599,0.0096017,0.0040088,0.0041768,0.00023366,0.00085183,0.95487,0.96439,0.96839,0.76826,0.002476,0.002476,0.002476
230,0.008954,0.0097188,0.0038114,0.0042432,0.00025011,0.00085614,0.95915,0.9612,0.96804,0.76598,0.002443,0.002443,0.002443
231,0.0087276,0.0096395,0.0039767,0.004235,0.00024426,0.00083286,0.95687,0.96193,0.96788,0.76418,0.00241,0.00241,0.00241
232,0.0087573,0.0095783,0.0040188,0.0042239,0.00023973,0.00067774,0.95338,0.96337,0.96612,0.76613,0.002377,0.002377,0.002377
233,0.008762,0.0095372,0.0038736,0.0042153,0.00022441,0.00066016,0.95907,0.96065,0.96738,0.768,0.002344,0.002344,0.002344
234,0.008699,0.0095449,0.0037766,0.0042071,0.00026786,0.00064283,0.96133,0.95817,0.96668,0.76656,0.002311,0.002311,0.002311
235,0.0084822,0.0094617,0.0037869,0.004203,0.00022301,0.00061384,0.95961,0.96211,0.96761,0.76697,0.002278,0.002278,0.002278
236,0.0086781,0.0095267,0.0039351,0.0042155,0.00021094,0.00056474,0.96024,0.95769,0.9666,0.76711,0.002245,0.002245,0.002245
237,0.0084716,0.0095459,0.003807,0.0042603,0.00022013,0.0005918,0.95659,0.96029,0.96775,0.7669,0.002212,0.002212,0.002212
238,0.0085784,0.0095473,0.003909,0.0042937,0.00024542,0.00065815,0.96809,0.95503,0.96692,0.76549,0.002179,0.002179,0.002179
239,0.0083476,0.0096678,0.0037403,0.004272,0.00022187,0.00069459,0.96233,0.95804,0.96652,0.76634,0.002146,0.002146,0.002146
240,0.0086378,0.0095785,0.0038205,0.0042548,0.00022856,0.00065281,0.9609,0.96256,0.9666,0.76765,0.002113,0.002113,0.002113
241,0.0084815,0.0095896,0.0035632,0.0042581,0.00022453,0.00064259,0.9625,0.95967,0.96694,0.76923,0.00208,0.00208,0.00208
242,0.0084874,0.0095714,0.003719,0.0042799,0.00024506,0.00066969,0.96528,0.95601,0.96689,0.77039,0.002047,0.002047,0.002047
243,0.0083599,0.009662,0.0036765,0.004321,0.0002161,0.00069083,0.95619,0.96342,0.96756,0.76907,0.002014,0.002014,0.002014
244,0.0081817,0.0095787,0.0038935,0.0043149,0.00023058,0.0006796,0.96214,0.95969,0.96598,0.76995,0.001981,0.001981,0.001981
245,0.0083619,0.0095219,0.0037507,0.0043258,0.00022133,0.00064808,0.95668,0.95964,0.96689,0.76972,0.001948,0.001948,0.001948
246,0.0080329,0.0094698,0.0036476,0.0042957,0.00022207,0.00061361,0.96507,0.95227,0.9666,0.7688,0.001915,0.001915,0.001915
247,0.008102,0.0095625,0.0037037,0.0043268,0.00020617,0.00065736,0.96454,0.95636,0.96776,0.76857,0.001882,0.001882,0.001882
248,0.0081194,0.0095355,0.0036025,0.0042965,0.00019437,0.00065081,0.96155,0.95872,0.96758,0.76984,0.001849,0.001849,0.001849
249,0.0080943,0.0094749,0.0036048,0.0042568,0.00020206,0.00063172,0.9574,0.96194,0.96682,0.77041,0.001816,0.001816,0.001816
250,0.008041,0.0095147,0.0037149,0.0043063,0.0001835,0.00068019,0.95774,0.96242,0.96695,0.77135,0.001783,0.001783,0.001783
251,0.0078851,0.0095728,0.0035829,0.0043245,0.00018028,0.00069917,0.96832,0.95213,0.96754,0.76979,0.00175,0.00175,0.00175
252,0.0081851,0.0095305,0.0036392,0.0042726,0.00020228,0.00067753,0.96837,0.95109,0.96748,0.76938,0.001717,0.001717,0.001717
253,0.0080832,0.0095274,0.0036446,0.0042215,0.00021376,0.00065724,0.9585,0.96271,0.96736,0.76793,0.001684,0.001684,0.001684
254,0.0080418,0.0095278,0.0035342,0.004206,0.00019594,0.00066395,0.96016,0.96288,0.96788,0.76844,0.001651,0.001651,0.001651
255,0.0078872,0.0095138,0.0035629,0.004186,0.00018378,0.00064677,0.96374,0.95896,0.96786,0.76979,0.001618,0.001618,0.001618
256,0.0079621,0.0095297,0.0035785,0.0042059,0.00018192,0.00065304,0.96185,0.96448,0.96806,0.76781,0.001585,0.001585,0.001585
257,0.0078029,0.009498,0.003585,0.0042283,0.00018959,0.00068859,0.9642,0.95889,0.96831,0.7697,0.001552,0.001552,0.001552
258,0.0077125,0.0095332,0.0035603,0.0042677,0.00016819,0.00073501,0.96269,0.96085,0.96816,0.76918,0.001519,0.001519,0.001519
259,0.0077147,0.0095309,0.0034622,0.0042525,0.00018084,0.00071064,0.96319,0.96353,0.96681,0.76835,0.001486,0.001486,0.001486
260,0.0076339,0.0094929,0.0034914,0.0042447,0.00019068,0.00072227,0.96733,0.95615,0.96739,0.76807,0.001453,0.001453,0.001453
261,0.0074942,0.0095518,0.0034991,0.0042156,0.00018186,0.00072169,0.96167,0.96286,0.96771,0.76772,0.00142,0.00142,0.00142
262,0.0074049,0.0095343,0.0035083,0.0041961,0.0001837,0.00070109,0.96014,0.96227,0.96764,0.76467,0.001387,0.001387,0.001387
263,0.0074907,0.009531,0.0035256,0.0042195,0.00017339,0.00067209,0.95983,0.96078,0.96805,0.76763,0.001354,0.001354,0.001354
264,0.0072275,0.0095022,0.003331,0.0042135,0.00015068,0.00066456,0.95837,0.96319,0.96742,0.7668,0.001321,0.001321,0.001321
265,0.0076002,0.0094494,0.0034712,0.004222,0.00016454,0.00067834,0.95982,0.95977,0.96744,0.76677,0.001288,0.001288,0.001288
266,0.0073592,0.0094713,0.0034436,0.0042431,0.00015148,0.00069303,0.96146,0.95895,0.96785,0.76823,0.001255,0.001255,0.001255
267,0.0075306,0.009468,0.0034106,0.0042352,0.00017307,0.0006937,0.96109,0.96117,0.96825,0.76784,0.001222,0.001222,0.001222
268,0.0072831,0.0094523,0.003391,0.0042446,0.00016464,0.00070759,0.96239,0.96222,0.96926,0.76982,0.001189,0.001189,0.001189
269,0.0073042,0.0094668,0.0034038,0.0042903,0.00018837,0.00070557,0.96058,0.96419,0.96918,0.76919,0.001156,0.001156,0.001156
270,0.0072456,0.0094659,0.0033773,0.0042883,0.00016359,0.00069942,0.96095,0.96375,0.96929,0.76992,0.001123,0.001123,0.001123
271,0.0071634,0.0094921,0.0033104,0.0042785,0.00018574,0.00068811,0.96267,0.96132,0.96978,0.77168,0.00109,0.00109,0.00109
272,0.0073301,0.009555,0.0034326,0.0042971,0.00017004,0.00068965,0.95937,0.96256,0.96835,0.77138,0.001057,0.001057,0.001057
273,0.0073681,0.009588,0.0033514,0.0043355,0.00018643,0.00071495,0.96441,0.95897,0.96876,0.77037,0.001024,0.001024,0.001024
274,0.0072373,0.0096054,0.0032711,0.0043471,0.00015569,0.00071682,0.9665,0.9589,0.96883,0.76985,0.000991,0.000991,0.000991
275,0.0070015,0.0096149,0.0032371,0.0043667,0.00014857,0.00073367,0.96554,0.96035,0.96864,0.77224,0.000958,0.000958,0.000958
276,0.0069079,0.0096347,0.0033194,0.0043467,0.00015561,0.00078253,0.9641,0.96206,0.96866,0.77181,0.000925,0.000925,0.000925
277,0.0070741,0.0096152,0.0032844,0.0043257,0.00013401,0.00075651,0.96428,0.964,0.96916,0.77075,0.000892,0.000892,0.000892
278,0.0069242,0.0095964,0.0033022,0.0043245,0.0001519,0.0007489,0.96427,0.96431,0.96966,0.77212,0.000859,0.000859,0.000859
279,0.0069011,0.0095995,0.003246,0.0043382,0.00013785,0.00077389,0.96403,0.96383,0.96961,0.77384,0.000826,0.000826,0.000826
280,0.0069137,0.0096106,0.0032523,0.0043673,0.00014143,0.00079608,0.96368,0.96287,0.96816,0.77237,0.000793,0.000793,0.000793
281,0.0069816,0.0095852,0.0033939,0.0043755,0.00014747,0.00078531,0.96259,0.96284,0.96792,0.77418,0.00076,0.00076,0.00076
282,0.0067882,0.0095941,0.0031585,0.0043608,0.00015588,0.00079907,0.96472,0.96142,0.96863,0.77474,0.000727,0.000727,0.000727
283,0.006895,0.0095906,0.0034058,0.0043496,0.00014816,0.00081139,0.96094,0.96396,0.96941,0.77236,0.000694,0.000694,0.000694
284,0.0067679,0.0095967,0.0031208,0.0043426,0.00014219,0.00082312,0.96471,0.9607,0.96954,0.77244,0.000661,0.000661,0.000661
285,0.0068873,0.0095935,0.0032311,0.0043497,0.00014149,0.00084137,0.96238,0.96293,0.9696,0.7732,0.000628,0.000628,0.000628
286,0.0068151,0.0095737,0.0032558,0.0043529,0.00012744,0.00083609,0.95911,0.96386,0.96939,0.77301,0.000595,0.000595,0.000595
287,0.00676,0.0095775,0.0031285,0.0043488,0.00012898,0.00081966,0.96368,0.95983,0.96926,0.77194,0.000562,0.000562,0.000562
288,0.0066396,0.0095641,0.0030746,0.0043464,0.00012735,0.00079696,0.96186,0.95953,0.96927,0.77211,0.000529,0.000529,0.000529
289,0.006709,0.0095692,0.0031266,0.0043371,0.00013012,0.00079806,0.96113,0.96185,0.96921,0.77267,0.000496,0.000496,0.000496
290,0.006724,0.0095702,0.0031025,0.0043431,0.00012576,0.00080103,0.96103,0.96202,0.96888,0.77297,0.000463,0.000463,0.000463
291,0.0065633,0.0095649,0.0031213,0.0043645,0.00013464,0.00080454,0.96144,0.96177,0.96891,0.77044,0.00043,0.00043,0.00043
292,0.0067588,0.0095675,0.0032324,0.0043665,0.00013684,0.00081821,0.9612,0.96222,0.96921,0.77239,0.000397,0.000397,0.000397
293,0.0066976,0.0095572,0.0032225,0.0043616,0.00012654,0.00081783,0.96101,0.96222,0.96931,0.77282,0.000364,0.000364,0.000364
294,0.0064033,0.0095858,0.003095,0.0043666,0.00011396,0.00082821,0.96529,0.95876,0.96922,0.77289,0.000331,0.000331,0.000331
295,0.006572,0.0096015,0.0031128,0.0043823,0.00011983,0.00083866,0.96169,0.96249,0.96982,0.77366,0.000298,0.000298,0.000298
296,0.0065073,0.0096156,0.003151,0.0043801,0.00012382,0.00083963,0.9621,0.96237,0.96945,0.77249,0.000265,0.000265,0.000265
297,0.0064805,0.0096007,0.0030828,0.0043708,0.00012404,0.00083039,0.96176,0.96233,0.96927,0.77278,0.000232,0.000232,0.000232
298,0.0065546,0.0096056,0.0030469,0.0043678,0.00011946,0.00083704,0.96175,0.96264,0.96949,0.77361,0.000199,0.000199,0.000199
299,0.0064255,0.0096129,0.0031241,0.0043651,0.00010241,0.00083259,0.96103,0.96377,0.96979,0.7731,0.000166,0.000166,0.000166
